sector_id,sector_name,status,category,source_id,source_document,source_url,baseline_period,target_period,parse_confidence,real_or_synthetic,verified_at,notes
aluminium,Aluminium,FINAL,CCTS_MONITORED,REG-MOEFCC-2025-GEI,MoEFCC Notification G.S.R. 25(E) - Aluminium Trajectory,https://moef.gov.in/en/notifications/,2023-24,2025-26 to 2026-27,HIGH,REAL_OFFICIAL,2026-08-21,Binding GEI targets for smelters and refineries on per tonne primary aluminium ingot basis.
cement,Cement,FINAL,CCTS_MONITORED,REG-MOEFCC-2025-GEI,MoEFCC Notification G.S.R. 25(E) - Cement Trajectory,https://moef.gov.in/en/notifications/,2023-24,2025-26 to 2026-27,HIGH,REAL_OFFICIAL,2026-08-21,Binding GEI targets on per tonne ordinary portland / pozzolana cement basis.
chlor_alkali,Chlor-Alkali,FINAL,CCTS_MONITORED,REG-MOEFCC-2025-GEI,MoEFCC Notification G.S.R. 25(E) - Chlor-Alkali Trajectory,https://moef.gov.in/en/notifications/,2023-24,2025-26 to 2026-27,HIGH,REAL_OFFICIAL,2026-08-21,Binding GEI targets on per tonne caustic soda (100% NaOH equivalent) basis.
pulp_paper,Pulp & Paper,FINAL,CCTS_MONITORED,REG-MOEFCC-2025-GEI,MoEFCC Notification G.S.R. 25(E) - Pulp & Paper Trajectory,https://moef.gov.in/en/notifications/,2023-24,2025-26 to 2026-27,HIGH,REAL_OFFICIAL,2026-08-21,Binding GEI targets on per tonne finished paper product basis.
petrochemicals,Petrochemicals,FINAL,CCTS_MONITORED,REG-MOEFCC-2025-GEI,MoEFCC Notification G.S.R. 25(E) - Petrochemicals Trajectory,https://moef.gov.in/en/notifications/,2023-24,2025-26 to 2026-27,HIGH,REAL_OFFICIAL,2026-08-21,Binding GEI targets on cracker and major polymer product basis.
petroleum_refinery,Petroleum Refinery,FINAL,CCTS_MONITORED,REG-MOEFCC-2025-GEI,MoEFCC Notification G.S.R. 25(E) - Petroleum Refinery Trajectory,https://moef.gov.in/en/notifications/,2023-24,2025-26 to 2026-27,HIGH,REAL_OFFICIAL,2026-08-21,Binding GEI targets based on composite MBN (Million Barrel Number) complexity factor.
textile,Textile,FINAL,CCTS_MONITORED,REG-MOEFCC-2025-GEI,MoEFCC Notification G.S.R. 25(E) - Textile Trajectory,https://moef.gov.in/en/notifications/,2023-24,2025-26 to 2026-27,HIGH,REAL_OFFICIAL,2026-08-21,Binding GEI targets for composite textile and spinning-processing units.
iron_steel,Iron & Steel,DRAFT,WATCHLIST,REG-MOEFCC-2026-STEEL-DRAFT,MoEFCC Draft Notification G.S.R. 517(E) - Iron & Steel GEI Targets (Revised Draft),https://moef.gov.in/en/notifications/,2023-24,"2026-27 (compliance year, proposed)",MEDIUM,REAL_OFFICIAL,2026-08-21,"Iron & Steel GEI targets are at REVISED DRAFT stage as of 21 Aug 2026. MoEFCC issued draft G.S.R. 517(E) on 26 June 2026 covering 255 units (JSW Steel, Tata Steel, SAIL, ArcelorMittal Nippon Steel, sponge-iron/ferro-alloy). Final notification pending public consultation closure. DO NOT treat as FINAL until gazette notification published. Re-verify before next release (see next_review_due)."
fertiliser,Fertiliser,WATCHLIST,WATCHLIST,REG-DOF-2025-TRANSITION,Department of Fertilisers & BEE Transition Roadmap,https://bee.gov.in/,2023-24 (Estimated),Phase 2 Watchlist — no final notification issued,MEDIUM,REAL_OFFICIAL,2026-08-21,No finalised Fertiliser GEI notification found as of 21 Aug 2026. Remains in watchlist per broader nine-sector CCTS transition architecture. Policy integration with National Green Hydrogen Mission and Urea Subsidy Framework ongoing.
